{"cameraMode":{"drawMode":0,"name":"Shaded","section":"Shading Mode"},"sceneLighting":true,"audioPlay":false,"sceneViewState":{"m_AlwaysRefresh":false,"showFog":true,"showSkybox":true,"showFlares":true,"showImageEffects":true,"showParticleSystems":true,"showVisualEffectGraphs":true,"m_FxEnabled":true},"in2DMode":false,"pivot":{"x":-29.216777801513673,"y":25.284107208251954,"z":-10.211967468261719},"rotation":{"x":-0.10327144712209702,"y":-0.8141722679138184,"z":0.1527051329612732,"w":-0.5505647659301758},"size":26.829370498657228,"orthographic":false}